listing_id;star_rating;reviews_count;day
23700276;4.5;14;2018-09-27 08:03:53.265088
23700276;4.5;14;2018-09-26 21:17:25.073404
18824088;4.5;69;2018-09-27 08:03:53.265088
18824088;4.5;69;2018-09-26 21:17:25.073404
3728394;4.5;97;2018-09-27 08:03:53.265088
3728394;4.5;97;2018-09-26 21:17:25.073404
21381007;5;19;2018-09-27 08:03:53.265088
21381007;5;19;2018-09-26 21:17:25.073404
14752004;4.5;72;2018-09-27 08:03:53.265088
14752004;4.5;72;2018-09-26 21:17:25.073404
18691947;4;17;2018-09-27 08:03:53.265088
18691947;4;17;2018-09-26 21:17:25.073404
25993989;5;9;2018-09-27 08:03:53.265088
25993989;5;9;2018-09-26 21:17:25.073404
862407;5;179;2018-09-27 08:03:53.265088
862407;5;179;2018-09-26 21:17:25.073404
16890826;5;12;2018-09-27 08:03:53.265088
16890826;5;12;2018-09-26 21:17:25.073404
13912256;4.5;67;2018-09-27 08:03:53.265088
13912256;4.5;67;2018-09-26 21:17:25.073404
4983973;4.5;22;2018-09-27 08:03:53.265088
4983973;4.5;22;2018-09-26 21:17:25.073404
17466943;4.5;55;2018-09-27 08:03:53.265088
17466943;4.5;55;2018-09-26 21:17:25.073404
277555;5;167;2018-09-27 08:03:53.265088
277555;5;167;2018-09-26 21:17:25.073404
4669004;4.5;124;2018-09-27 08:03:53.265088
4669004;4.5;124;2018-09-26 21:17:25.073404
16401270;5;63;2018-09-27 08:03:53.265088
16401270;5;63;2018-09-26 21:17:25.073404
16644286;4.5;40;2018-09-27 08:03:53.265088
16644286;4.5;40;2018-09-26 21:17:25.073404
22187731;5;18;2018-09-27 08:03:53.265088
22187731;5;18;2018-09-26 21:17:25.073404
20590153;4.5;34;2018-09-27 08:03:53.265088
20590153;4.5;34;2018-09-26 21:17:25.073404
661961;4.5;221;2018-09-26 21:17:25.073404
25117497;5;24;2018-09-27 08:03:53.265088
25117497;5;24;2018-09-26 21:17:25.073404
14992207;4.5;5;2018-09-27 08:03:53.265088
14992207;4.5;5;2018-09-26 21:17:25.073404
25024350;4.5;30;2018-09-27 08:03:53.265088
25024350;4.5;30;2018-09-26 21:17:25.073404
1038815;5;52;2018-09-27 08:03:53.265088
1038815;5;52;2018-09-26 21:17:25.073404
22150965;5;14;2018-09-27 08:03:53.265088
22150965;5;14;2018-09-26 21:17:25.073404
6097562;4.5;76;2018-09-27 08:03:53.265088
6097562;4.5;76;2018-09-26 21:17:25.073404
19796151;5;119;2018-09-27 08:03:53.265088
19796151;5;119;2018-09-26 21:17:25.073404
3430844;4.5;76;2018-09-27 08:03:53.265088
3430844;4.5;76;2018-09-26 21:17:25.073404
23558211;4;16;2018-09-27 08:03:53.265088
23558211;4;16;2018-09-26 21:17:25.073404
16888539;4.5;11;2018-09-27 08:03:53.265088
16888539;4.5;11;2018-09-26 21:17:25.073404
451629;5;54;2018-09-27 08:03:53.265088
451629;5;54;2018-09-26 21:17:25.073404
6839715;4;4;2018-09-27 08:03:53.265088
6839715;4;4;2018-09-26 21:17:25.073404
23532976;4.5;6;2018-09-27 08:03:53.265088
23532976;4.5;6;2018-09-26 21:17:25.073404
603267;4.5;104;2018-09-27 08:03:53.265088
603267;4.5;104;2018-09-26 21:17:25.073404
6739175;5;15;2018-09-27 08:03:53.265088
6739175;5;15;2018-09-26 21:17:25.073404
13904782;5;102;2018-09-27 08:03:53.265088
13904782;5;102;2018-09-26 21:17:25.073404
10744247;4;50;2018-09-27 08:03:53.265088
10744247;4;50;2018-09-26 21:17:25.073404
1139385;4.5;17;2018-09-27 08:03:53.265088
1139385;4.5;17;2018-09-26 21:17:25.073404
16297346;5;83;2018-09-27 08:03:53.265088
16297346;5;83;2018-09-26 21:17:25.073404
18633461;4.5;56;2018-09-27 08:03:53.265088
18633461;4.5;56;2018-09-26 21:17:25.073404
3023839;4.5;34;2018-09-27 08:03:53.265088
3023839;4.5;34;2018-09-26 21:17:25.073404
1226049;4.5;65;2018-09-27 08:03:53.265088
1226049;4.5;65;2018-09-26 21:17:25.073404
20852933;4.5;42;2018-09-27 08:03:53.265088
20852933;4.5;42;2018-09-26 21:17:25.073404
447208;5;48;2018-09-27 08:03:53.265088
447208;5;48;2018-09-26 21:17:25.073404
15392759;4.5;75;2018-09-27 08:03:53.265088
15392759;4.5;75;2018-09-26 21:17:25.073404
1102053;4.5;12;2018-09-27 08:03:53.265088
1102053;4.5;12;2018-09-26 21:17:25.073404
21362432;5;20;2018-09-27 08:03:53.265088
21362432;5;20;2018-09-26 21:17:25.073404
9367678;4.5;60;2018-09-27 08:03:53.265088
9367678;4.5;60;2018-09-26 21:17:25.073404
2530770;5;21;2018-09-27 08:03:53.265088
2530770;5;21;2018-09-26 21:17:25.073404
20892078;4;22;2018-09-27 08:03:53.265088
20892078;4;22;2018-09-26 21:17:25.073404
15655780;4.5;120;2018-09-27 08:03:53.265088
15655780;4.5;120;2018-09-26 21:17:25.073404
892158;4.5;196;2018-09-27 08:03:53.265088
892158;4.5;196;2018-09-26 21:17:25.073404
17010159;4.5;25;2018-09-27 08:03:53.265088
17010159;4.5;25;2018-09-26 21:17:25.073404
26054239;5;5;2018-09-27 08:03:53.265088
26054239;5;5;2018-09-26 21:17:25.073404
2823976;5;51;2018-09-27 08:03:53.265088
2823976;5;51;2018-09-26 21:17:25.073404
24586584;5;13;2018-09-27 08:03:53.265088
24586584;5;13;2018-09-26 21:17:25.073404
4470737;4.5;94;2018-09-27 08:03:53.265088
4470737;4.5;94;2018-09-26 21:17:25.073404
7313826;5;32;2018-09-27 08:03:53.265088
7313826;5;32;2018-09-26 21:17:25.073404
17180482;4.5;69;2018-09-27 08:03:53.265088
17180482;4.5;69;2018-09-26 21:17:25.073404
9144409;4;73;2018-09-27 08:03:53.265088
9144409;4;73;2018-09-26 21:17:25.073404
22994483;5;30;2018-09-27 08:03:53.265088
22994483;5;30;2018-09-26 21:17:25.073404
24617513;4;8;2018-09-27 08:03:53.265088
24617513;4;8;2018-09-26 21:17:25.073404
7936602;4;17;2018-09-27 08:03:53.265088
7936602;4;17;2018-09-26 21:17:25.073404
18745056;5;20;2018-09-27 08:03:53.265088
18745056;5;20;2018-09-26 21:17:25.073404
26050143;4;6;2018-09-27 08:03:53.265088
26050143;4;6;2018-09-26 21:17:25.073404
6978963;4.5;30;2018-09-27 08:03:53.265088
6978963;4.5;30;2018-09-26 21:17:25.073404
5998911;5;7;2018-09-27 08:03:53.265088
5998911;5;7;2018-09-26 21:17:25.073404
289572;4;19;2018-09-27 08:03:53.265088
289572;4;19;2018-09-26 21:17:25.073404
7571648;4.5;36;2018-09-27 08:03:53.265088
7571648;4.5;36;2018-09-26 21:17:25.073404
1409619;5;27;2018-09-27 08:03:53.265088
1409619;5;27;2018-09-26 21:17:25.073404
21808589;4.5;8;2018-09-27 08:03:53.265088
21808589;4.5;8;2018-09-26 21:17:25.073404
18652981;5;22;2018-09-27 08:03:53.265088
18652981;5;22;2018-09-26 21:17:25.073404
1399821;4.5;75;2018-09-27 08:03:53.265088
1399821;4.5;75;2018-09-26 21:17:25.073404
1204369;4.5;172;2018-09-27 08:03:53.265088
1204369;4.5;172;2018-09-26 21:17:25.073404
20031427;5;9;2018-09-27 08:03:53.265088
20031427;5;9;2018-09-26 21:17:25.073404
9500785;4.5;55;2018-09-27 08:03:53.265088
9500785;4.5;55;2018-09-26 21:17:25.073404
2359875;4.5;49;2018-09-27 08:03:53.265088
2359875;4.5;49;2018-09-26 21:17:25.073404
1711246;5;137;2018-09-27 08:03:53.265088
1711246;5;137;2018-09-26 21:17:25.073404
25899803;3.5;3;2018-09-27 08:03:53.265088
25899803;3.5;3;2018-09-26 21:17:25.073404
8480521;4.5;89;2018-09-27 08:03:53.265088
8480521;4.5;89;2018-09-26 21:17:25.073404
170599;5;12;2018-09-27 08:03:53.265088
170599;5;12;2018-09-26 21:17:25.073404
19266707;4.5;12;2018-09-27 08:03:53.265088
19266707;4.5;12;2018-09-26 21:17:25.073404
452822;5;69;2018-09-27 08:03:53.265088
452822;5;69;2018-09-26 21:17:25.073404
12843238;5;53;2018-09-27 08:03:53.265088
12843238;5;53;2018-09-26 21:17:25.073404
23179840;5;37;2018-09-26 21:17:25.073404
12960358;5;6;2018-09-27 08:03:53.265088
12960358;5;6;2018-09-26 21:17:25.073404
21855122;5;11;2018-09-27 08:03:53.265088
21855122;5;11;2018-09-26 21:17:25.073404
12392510;4.5;18;2018-09-27 08:03:53.265088
12392510;4.5;18;2018-09-26 21:17:25.073404
11984821;5;105;2018-09-27 08:03:53.265088
11984821;5;105;2018-09-26 21:17:25.073404
24599457;4.5;14;2018-09-27 08:03:53.265088
24599457;4.5;14;2018-09-26 21:17:25.073404
20926157;5;57;2018-09-27 08:03:53.265088
20926157;5;57;2018-09-26 21:17:25.073404
15954352;4;7;2018-09-27 08:03:53.265088
15954352;4;7;2018-09-26 21:17:25.073404
22272877;5;74;2018-09-27 08:03:53.265088
22272877;5;74;2018-09-26 21:17:25.073404
27624093;4.5;6;2018-09-27 08:03:53.265088
27624093;4.5;6;2018-09-26 21:17:25.073404
1390849;5;54;2018-09-27 08:03:53.265088
1390849;5;54;2018-09-26 21:17:25.073404
26555069;4.5;6;2018-09-27 08:03:53.265088
26555069;4.5;6;2018-09-26 21:17:25.073404
25160029;5;7;2018-09-27 08:03:53.265088
25160029;5;7;2018-09-26 21:17:25.073404
27986775;4.5;3;2018-09-27 08:03:53.265088
27986775;4.5;3;2018-09-26 21:17:25.073404
15645282;5;81;2018-09-27 08:03:53.265088
15645282;5;81;2018-09-26 21:17:25.073404
19855401;5;14;2018-09-27 08:03:53.265088
19855401;5;14;2018-09-26 21:17:25.073404
19373778;4.5;14;2018-09-27 08:03:53.265088
19373778;4.5;14;2018-09-26 21:17:25.073404
24806198;5;16;2018-09-27 08:03:53.265088
24806198;5;16;2018-09-26 21:17:25.073404
27106213;4;7;2018-09-27 08:03:53.265088
27106213;4;7;2018-09-26 21:17:25.073404
2804962;4.5;135;2018-09-27 08:03:53.265088
2804962;4.5;135;2018-09-26 21:17:25.073404
6642130;5;15;2018-09-27 08:03:53.265088
6642130;5;15;2018-09-26 21:17:25.073404
10795313;5;8;2018-09-27 08:03:53.265088
10795313;5;8;2018-09-26 21:17:25.073404
13489341;3.5;5;2018-09-27 08:03:53.265088
13489341;3.5;5;2018-09-26 21:17:25.073404
595610;5;181;2018-09-27 08:03:53.265088
595610;5;181;2018-09-26 21:17:25.073404
6472251;4.5;3;2018-09-27 08:03:53.265088
6472251;4.5;3;2018-09-26 21:17:25.073404
9072020;4.5;143;2018-09-27 08:03:53.265088
9072020;4.5;143;2018-09-26 21:17:25.073404
25718810;2.5;3;2018-09-27 08:03:53.265088
25718810;2.5;3;2018-09-26 21:17:25.073404
23636918;5;7;2018-09-27 08:03:53.265088
23636918;5;7;2018-09-26 21:17:25.073404
6351188;4;8;2018-09-27 08:03:53.265088
6351188;4;8;2018-09-26 21:17:25.073404
10884388;5;55;2018-09-27 08:03:53.265088
10884388;5;55;2018-09-26 21:17:25.073404
10700852;4.5;24;2018-09-27 08:03:53.265088
10700852;4.5;24;2018-09-26 21:17:25.073404
5467108;4.5;15;2018-09-27 08:03:53.265088
5467108;4.5;15;2018-09-26 21:17:25.073404
1367612;4;227;2018-09-27 08:03:53.265088
1367612;4;227;2018-09-26 21:17:25.073404
24771427;4.5;19;2018-09-27 08:03:53.265088
24771427;4.5;19;2018-09-26 21:17:25.073404
2461466;5;9;2018-09-27 08:03:53.265088
2461466;5;9;2018-09-26 21:17:25.073404
13652841;4.5;55;2018-09-27 08:03:53.265088
13652841;4.5;55;2018-09-26 21:17:25.073404
8981026;4.5;28;2018-09-27 08:03:53.265088
8981026;4.5;28;2018-09-26 21:17:25.073404
8448023;5;40;2018-09-27 08:03:53.265088
8448023;5;40;2018-09-26 21:17:25.073404
15881321;4.5;7;2018-09-26 21:17:25.073404
7039564;4.5;18;2018-09-27 08:03:53.265088
7039564;4.5;18;2018-09-26 21:17:25.073404
26748627;5;9;2018-09-27 08:03:53.265088
26748627;5;9;2018-09-26 21:17:25.073404
2760689;4;35;2018-09-27 08:03:53.265088
2760689;4;35;2018-09-26 21:17:25.073404
5741322;4.5;6;2018-09-27 08:03:53.265088
5741322;4.5;6;2018-09-26 21:17:25.073404
24959985;5;15;2018-09-27 08:03:53.265088
24959985;5;15;2018-09-26 21:17:25.073404
14884836;5;9;2018-09-27 08:03:53.265088
14884836;5;9;2018-09-26 21:17:25.073404
19652272;4.5;6;2018-09-27 08:03:53.265088
19652272;4.5;6;2018-09-26 21:17:25.073404
16852946;5;36;2018-09-27 08:03:53.265088
16852946;5;36;2018-09-26 21:17:25.073404
17757345;4.5;130;2018-09-27 08:03:53.265088
17757345;4.5;130;2018-09-26 21:17:25.073404
8734243;4.5;5;2018-09-27 08:03:53.265088
8734243;4.5;5;2018-09-26 21:17:25.073404
1176558;4.5;16;2018-09-27 08:03:53.265088
1176558;4.5;16;2018-09-26 21:17:25.073404
1234750;4.5;19;2018-09-27 08:03:53.265088
1234750;4.5;19;2018-09-26 21:17:25.073404
1638909;4.5;54;2018-09-27 08:03:53.265088
1638909;4.5;54;2018-09-26 21:17:25.073404
22447783;4.5;28;2018-09-27 08:03:53.265088
22447783;4.5;28;2018-09-26 21:17:25.073404
24674724;4.5;8;2018-09-27 08:03:53.265088
24674724;4.5;8;2018-09-26 21:17:25.073404
18136186;5;21;2018-09-27 08:03:53.265088
18136186;5;21;2018-09-26 21:17:25.073404
4422043;4.5;168;2018-09-27 08:03:53.265088
4422043;4.5;168;2018-09-26 21:17:25.073404
916839;4.5;10;2018-09-27 08:03:53.265088
916839;4.5;10;2018-09-26 21:17:25.073404
25702020;5;6;2018-09-26 21:17:25.073404
4543265;4.5;65;2018-09-27 08:03:53.265088
4543265;4.5;65;2018-09-26 21:17:25.073404
4716092;4.5;203;2018-09-27 08:03:53.265088
4716092;4.5;203;2018-09-26 21:17:25.073404
3063827;4.5;6;2018-09-27 08:03:53.265088
3063827;4.5;6;2018-09-26 21:17:25.073404
17323590;4.5;6;2018-09-27 08:03:53.265088
17323590;4.5;6;2018-09-26 21:17:25.073404
10348364;5;15;2018-09-27 08:03:53.265088
10348364;5;15;2018-09-26 21:17:25.073404
21020472;5;44;2018-09-27 08:03:53.265088
21020472;5;44;2018-09-26 21:17:25.073404
27259692;5;20;2018-09-27 08:03:53.265088
27259692;5;20;2018-09-26 21:17:25.073404
15701977;4.5;71;2018-09-27 08:03:53.265088
15701977;4.5;71;2018-09-26 21:17:25.073404
22541564;4;9;2018-09-27 08:03:53.265088
22541564;4;9;2018-09-26 21:17:25.073404
2040791;5;218;2018-09-27 08:03:53.265088
2040791;5;218;2018-09-26 21:17:25.073404
9867585;5;11;2018-09-27 08:03:53.265088
9867585;5;11;2018-09-26 21:17:25.073404
27593739;5;5;2018-09-27 08:03:53.265088
27593739;5;5;2018-09-26 21:17:25.073404
23582053;4.5;13;2018-09-27 08:03:53.265088
23582053;4.5;13;2018-09-26 21:17:25.073404
25802009;4;9;2018-09-27 08:03:53.265088
25802009;4;9;2018-09-26 21:17:25.073404
3178766;3.5;6;2018-09-27 08:03:53.265088
3178766;3.5;6;2018-09-26 21:17:25.073404
26882246;4;10;2018-09-27 08:03:53.265088
26882246;4;10;2018-09-26 21:17:25.073404
4723054;5;25;2018-09-27 08:03:53.265088
4723054;5;25;2018-09-26 21:17:25.073404
24248060;5;17;2018-09-26 21:17:25.073404
7424001;4.5;80;2018-09-27 08:03:53.265088
7424001;4.5;80;2018-09-26 21:17:25.073404
24110117;5;10;2018-09-27 08:03:53.265088
24110117;5;10;2018-09-26 21:17:25.073404
762171;5;59;2018-09-27 08:03:53.265088
762171;5;59;2018-09-26 21:17:25.073404
11474242;5;16;2018-09-27 08:03:53.265088
11474242;5;16;2018-09-26 21:17:25.073404
9936603;5;7;2018-09-27 08:03:53.265088
9936603;5;7;2018-09-26 21:17:25.073404
21834854;4.5;28;2018-09-27 08:03:53.265088
21834854;4.5;28;2018-09-26 21:17:25.073404
757733;5;32;2018-09-27 08:03:53.265088
757733;5;32;2018-09-26 21:17:25.073404
262557;4.5;100;2018-09-27 08:03:53.265088
262557;4.5;99;2018-09-26 21:17:25.073404
18423732;5;20;2018-09-27 08:03:53.265088
18423732;5;20;2018-09-26 21:17:25.073404
19377935;5;5;2018-09-27 08:03:53.265088
19377935;5;5;2018-09-26 21:17:25.073404
26373765;5;5;2018-09-27 08:03:53.265088
26373765;5;5;2018-09-26 21:17:25.073404
1070274;5;366;2018-09-27 08:03:53.265088
1070274;5;366;2018-09-26 21:17:25.073404
6238043;4;25;2018-09-27 08:03:53.265088
6238043;4;25;2018-09-26 21:17:25.073404
18762365;4;55;2018-09-27 08:03:53.265088
18762365;4;55;2018-09-26 21:17:25.073404
1309152;5;18;2018-09-27 08:03:53.265088
1309152;5;18;2018-09-26 21:17:25.073404
10099626;5;6;2018-09-27 08:03:53.265088
10099626;5;6;2018-09-26 21:17:25.073404
19580829;3.5;20;2018-09-27 08:03:53.265088
19580829;3.5;20;2018-09-26 21:17:25.073404
6666647;4.5;64;2018-09-27 08:03:53.265088
6666647;4.5;64;2018-09-26 21:17:25.073404
27843624;4.5;9;2018-09-27 08:03:53.265088
27843624;4.5;8;2018-09-26 21:17:25.073404
2588319;4.5;5;2018-09-27 08:03:53.265088
2588319;4.5;5;2018-09-26 21:17:25.073404
1185329;4;79;2018-09-27 08:03:53.265088
1185329;4;79;2018-09-26 21:17:25.073404
18817417;4.5;33;2018-09-27 08:03:53.265088
18817417;4.5;33;2018-09-26 21:17:25.073404
24239065;5;7;2018-09-27 08:03:53.265088
24239065;5;7;2018-09-26 21:17:25.073404
25957295;4.5;8;2018-09-27 08:03:53.265088
25957295;4.5;8;2018-09-26 21:17:25.073404
20460034;4.5;20;2018-09-27 08:03:53.265088
20460034;4.5;20;2018-09-26 21:17:25.073404
6874412;5;23;2018-09-27 08:03:53.265088
6874412;5;23;2018-09-26 21:17:25.073404
12788813;5;4;2018-09-27 08:03:53.265088
12788813;5;4;2018-09-26 21:17:25.073404
26870487;5;9;2018-09-27 08:03:53.265088
26870487;5;9;2018-09-26 21:17:25.073404
2158345;4.5;46;2018-09-27 08:03:53.265088
2158345;4.5;46;2018-09-26 21:17:25.073404
728396;5;81;2018-09-27 08:03:53.265088
728396;5;81;2018-09-26 21:17:25.073404
27987350;3.5;3;2018-09-27 08:03:53.265088
27987350;3.5;3;2018-09-26 21:17:25.073404
1085564;4.5;30;2018-09-27 08:03:53.265088
1085564;4.5;30;2018-09-26 21:17:25.073404
3452604;5;10;2018-09-27 08:03:53.265088
3452604;5;10;2018-09-26 21:17:25.073404
7785405;5;40;2018-09-27 08:03:53.265088
7785405;5;40;2018-09-26 21:17:25.073404
23432448;5;14;2018-09-27 08:03:53.265088
23432448;5;14;2018-09-26 21:17:25.073404
15853260;4.5;50;2018-09-27 08:03:53.265088
15853260;4.5;50;2018-09-26 21:17:25.073404
13491097;4.5;40;2018-09-27 08:03:53.265088
13491097;4.5;40;2018-09-26 21:17:25.073404
12578697;5;42;2018-09-27 08:03:53.265088
12578697;5;42;2018-09-26 21:17:25.073404
10246204;4.5;5;2018-09-27 08:03:53.265088
10246204;4.5;5;2018-09-26 21:17:25.073404
14752077;5;12;2018-09-27 08:03:53.265088
14752077;5;12;2018-09-26 21:17:25.073404
5583693;4.5;141;2018-09-27 08:03:53.265088
5583693;4.5;141;2018-09-26 21:17:25.073404
474612;5;28;2018-09-27 08:03:53.265088
474612;5;28;2018-09-26 21:17:25.073404
14956561;4.5;131;2018-09-27 08:03:53.265088
14956561;4.5;131;2018-09-26 21:17:25.073404
12725313;4.5;12;2018-09-27 08:03:53.265088
12725313;4.5;12;2018-09-26 21:17:25.073404
20135133;5;6;2018-09-27 08:03:53.265088
20135133;5;6;2018-09-26 21:17:25.073404
16744299;4.5;17;2018-09-27 08:03:53.265088
16744299;4.5;17;2018-09-26 21:17:25.073404
23246080;5;16;2018-09-27 08:03:53.265088
23246080;5;16;2018-09-26 21:17:25.073404
1649031;4;6;2018-09-27 08:03:53.265088
1649031;4;6;2018-09-26 21:17:25.073404
26025623;5;3;2018-09-27 08:03:53.265088
26025623;5;3;2018-09-26 21:17:25.073404
8278130;5;27;2018-09-27 08:03:53.265088
8278130;5;27;2018-09-26 21:17:25.073404
25766867;5;4;2018-09-26 21:17:25.073404
19421822;5;6;2018-09-27 08:03:53.265088
19421822;5;6;2018-09-26 21:17:25.073404
18185372;5;43;2018-09-27 08:03:53.265088
18185372;5;43;2018-09-26 21:17:25.073404
4148138;4.5;23;2018-09-27 08:03:53.265088
4148138;4.5;23;2018-09-26 21:17:25.073404
2259473;5;5;2018-09-27 08:03:53.265088
2259473;5;5;2018-09-26 21:17:25.073404
6332449;5;144;2018-09-27 08:03:53.265088
6332449;5;144;2018-09-26 21:17:25.073404
26493515;5;5;2018-09-27 08:03:53.265088
26493515;5;5;2018-09-26 21:17:25.073404
2615923;5;138;2018-09-27 08:03:53.265088
2615923;5;138;2018-09-26 21:17:25.073404
1110935;4.5;131;2018-09-27 08:03:53.265088
1110935;4.5;131;2018-09-26 21:17:25.073404
12550943;4.5;9;2018-09-27 08:03:53.265088
12550943;4.5;9;2018-09-26 21:17:25.073404
23880093;4.5;20;2018-09-27 08:03:53.265088
23880093;4.5;20;2018-09-26 21:17:25.073404
25789405;4.5;31;2018-09-27 08:03:53.265088
25789405;4.5;31;2018-09-26 21:17:25.073404
26017092;4.5;10;2018-09-27 08:03:53.265088
26017092;4.5;10;2018-09-26 21:17:25.073404
2389340;4.5;6;2018-09-27 08:03:53.265088
2389340;4.5;6;2018-09-26 21:17:25.073404
1083545;5;166;2018-09-27 08:03:53.265088
1083545;5;166;2018-09-26 21:17:25.073404
13233607;4.5;30;2018-09-27 08:03:53.265088
13233607;4.5;30;2018-09-26 21:17:25.073404
2404406;5;114;2018-09-27 08:03:53.265088
2404406;5;114;2018-09-26 21:17:25.073404
13906730;5;142;2018-09-27 08:03:53.265088
13906730;5;142;2018-09-26 21:17:25.073404
27046394;4;4;2018-09-27 08:03:53.265088
27046394;4;4;2018-09-26 21:17:25.073404
6495864;4.5;14;2018-09-27 08:03:53.265088
6495864;4.5;14;2018-09-26 21:17:25.073404
24746261;5;10;2018-09-27 08:03:53.265088
24746261;5;10;2018-09-26 21:17:25.073404
6541176;5;17;2018-09-27 08:03:53.265088
6541176;5;17;2018-09-26 21:17:25.073404
3254663;4.5;5;2018-09-27 08:03:53.265088
3254663;4.5;5;2018-09-26 21:17:25.073404
27567736;5;3;2018-09-27 08:03:53.265088
27567736;5;3;2018-09-26 21:17:25.073404
12580849;5;10;2018-09-27 08:03:53.265088
12580849;5;10;2018-09-26 21:17:25.073404
22092957;4.5;32;2018-09-27 08:03:53.265088
22092957;4.5;32;2018-09-26 21:17:25.073404
17973038;5;43;2018-09-27 08:03:53.265088
17973038;5;43;2018-09-26 21:17:25.073404
23766064;4.5;20;2018-09-27 08:03:53.265088
23766064;4.5;19;2018-09-26 21:17:25.073404
2293583;4;3;2018-09-27 08:03:53.265088
2293583;4;3;2018-09-26 21:17:25.073404
688223;4.5;16;2018-09-27 08:03:53.265088
688223;4.5;16;2018-09-26 21:17:25.073404
15225871;5;41;2018-09-27 08:03:53.265088
15225871;5;41;2018-09-26 21:17:25.073404
15963836;4.5;4;2018-09-27 08:03:53.265088
15963836;4.5;4;2018-09-26 21:17:25.073404
13125866;5;66;2018-09-27 08:03:53.265088
13125866;5;66;2018-09-26 21:17:25.073404
822948;4.5;65;2018-09-27 08:03:53.265088
822948;4.5;65;2018-09-26 21:17:25.073404
19376460;4.5;22;2018-09-27 08:03:53.265088
19376460;4.5;22;2018-09-26 21:17:25.073404
13074083;2.5;3;2018-09-27 08:03:53.265088
13074083;2.5;3;2018-09-26 21:17:25.073404
2063886;5;12;2018-09-27 08:03:53.265088
2063886;5;12;2018-09-26 21:17:25.073404
27793419;4;5;2018-09-27 08:03:53.265088
27793419;4;5;2018-09-26 21:17:25.073404
149534;5;26;2018-09-27 08:03:53.265088
149534;5;26;2018-09-26 21:17:25.073404
2719440;4.5;45;2018-09-27 08:03:53.265088
2719440;4.5;45;2018-09-26 21:17:25.073404
27379559;5;11;2018-09-27 08:03:53.265088
27379559;5;11;2018-09-26 21:17:25.073404
1205915;5;37;2018-09-27 08:03:53.265088
1205915;5;37;2018-09-26 21:17:25.073404
4178899;5;28;2018-09-27 08:03:53.265088
4178899;5;28;2018-09-26 21:17:25.073404
3149368;4.5;7;2018-09-27 08:03:53.265088
3149368;4.5;7;2018-09-26 21:17:25.073404
9083149;4.5;9;2018-09-27 08:03:53.265088
9083149;4.5;9;2018-09-26 21:17:25.073404
22545602;4.5;37;2018-09-27 08:03:53.265088
22545602;4.5;37;2018-09-26 21:17:25.073404
579343;5;15;2018-09-27 08:03:53.265088
579343;5;15;2018-09-26 21:17:25.073404
4766765;5;147;2018-09-27 08:03:53.265088
4766765;5;147;2018-09-26 21:17:25.073404
559493;5;45;2018-09-27 08:03:53.265088
559493;5;45;2018-09-26 21:17:25.073404
12741025;4.5;27;2018-09-27 08:03:53.265088
12741025;4.5;27;2018-09-26 21:17:25.073404
13871219;4;6;2018-09-27 08:03:53.265088
13871219;4;6;2018-09-26 21:17:25.073404
24113796;4.5;17;2018-09-27 08:03:53.265088
24113796;4.5;17;2018-09-26 21:17:25.073404
16053210;5;4;2018-09-27 08:03:53.265088
16053210;5;4;2018-09-26 21:17:25.073404
2485119;4.5;202;2018-09-27 08:03:53.265088
2485119;4.5;202;2018-09-26 21:17:25.073404
463726;5;93;2018-09-27 08:03:53.265088
463726;5;93;2018-09-26 21:17:25.073404
3573467;4.5;19;2018-09-27 08:03:53.265088
3573467;4.5;19;2018-09-26 21:17:25.073404
9200401;5;10;2018-09-27 08:03:53.265088
9200401;5;10;2018-09-26 21:17:25.073404
21221190;3.5;3;2018-09-27 08:03:53.265088
21221190;3.5;3;2018-09-26 21:17:25.073404
4276215;5;12;2018-09-27 08:03:53.265088
4276215;5;12;2018-09-26 21:17:25.073404
164255;4.5;60;2018-09-27 08:03:53.265088
164255;4.5;59;2018-09-26 21:17:25.073404
17522117;5;105;2018-09-27 08:03:53.265088
17522117;5;105;2018-09-26 21:17:25.073404
20350550;4.5;11;2018-09-27 08:03:53.265088
20350550;4.5;11;2018-09-26 21:17:25.073404
20745368;5;48;2018-09-27 08:03:53.265088
20745368;5;48;2018-09-26 21:17:25.073404
12666306;5;9;2018-09-27 08:03:53.265088
12666306;5;9;2018-09-26 21:17:25.073404
18971405;4.5;14;2018-09-27 08:03:53.265088
18971405;4.5;14;2018-09-26 21:17:25.073404
1048793;5;26;2018-09-27 08:03:53.265088
1048793;5;26;2018-09-26 21:17:25.073404
7489835;5;27;2018-09-27 08:03:53.265088
7489835;5;27;2018-09-26 21:17:25.073404
16379809;4.5;117;2018-09-27 08:03:53.265088
16379809;4.5;117;2018-09-26 21:17:25.073404
19395544;4.5;78;2018-09-27 08:03:53.265088
19395544;4.5;78;2018-09-26 21:17:25.073404
24515032;4.5;18;2018-09-27 08:03:53.265088
24515032;4.5;18;2018-09-26 21:17:25.073404
14351504;4.5;17;2018-09-27 08:03:53.265088
14351504;4.5;17;2018-09-26 21:17:25.073404
18946061;4.5;3;2018-09-27 08:03:53.265088
18946061;4.5;3;2018-09-26 21:17:25.073404
793331;5;44;2018-09-27 08:03:53.265088
793331;5;44;2018-09-26 21:17:25.073404
21796962;4.5;4;2018-09-27 08:03:53.265088
21796962;4.5;4;2018-09-26 21:17:25.073404
12779552;4.5;4;2018-09-27 08:03:53.265088
12779552;4.5;4;2018-09-26 21:17:25.073404
8056810;4.5;84;2018-09-27 08:03:53.265088
8056810;4.5;84;2018-09-26 21:17:25.073404
17190320;4.5;104;2018-09-27 08:03:53.265088
17190320;4.5;104;2018-09-26 21:17:25.073404
21907005;5;44;2018-09-27 08:03:53.265088
21907005;5;44;2018-09-26 21:17:25.073404
5857485;4.5;134;2018-09-27 08:03:53.265088
5857485;4.5;134;2018-09-26 21:17:25.073404
22568676;5;7;2018-09-27 08:03:53.265088
22568676;5;7;2018-09-26 21:17:25.073404
14412992;4.5;65;2018-09-27 08:03:53.265088
14412992;4.5;65;2018-09-26 21:17:25.073404
4735236;5;22;2018-09-27 08:03:53.265088
4735236;5;22;2018-09-26 21:17:25.073404
20032571;5;16;2018-09-27 08:03:53.265088
20032571;5;16;2018-09-26 21:17:25.073404
23363047;5;5;2018-09-27 08:03:53.265088
23363047;5;5;2018-09-26 21:17:25.073404
1373705;4.5;7;2018-09-27 08:03:53.265088
1373705;4.5;7;2018-09-26 21:17:25.073404
21007846;4.5;15;2018-09-27 08:03:53.265088
21007846;4.5;15;2018-09-26 21:17:25.073404
4189232;4.5;163;2018-09-27 08:03:53.265088
4189232;4.5;163;2018-09-26 21:17:25.073404
26267951;5;5;2018-09-27 08:03:53.265088
26267951;5;5;2018-09-26 21:17:25.073404
14730797;4.5;64;2018-09-27 08:03:53.265088
14730797;4.5;64;2018-09-26 21:17:25.073404
1261705;5;14;2018-09-27 08:03:53.265088
1261705;5;14;2018-09-26 21:17:25.073404
24488632;4.5;18;2018-09-27 08:03:53.265088
24488632;4.5;18;2018-09-26 21:17:25.073404
23460961;4.5;33;2018-09-27 08:03:53.265088
23460961;4.5;33;2018-09-26 21:17:25.073404
846592;5;83;2018-09-27 08:03:53.265088
846592;5;83;2018-09-26 21:17:25.073404
12530928;4.5;14;2018-09-27 08:03:53.265088
12530928;4.5;14;2018-09-26 21:17:25.073404
20686647;4.5;10;2018-09-27 08:03:53.265088
20686647;4.5;10;2018-09-26 21:17:25.073404
12398064;5;89;2018-09-27 08:03:53.265088
12398064;5;89;2018-09-26 21:17:25.073404
11726520;5;6;2018-09-27 08:03:53.265088
11726520;5;6;2018-09-26 21:17:25.073404
2158913;4.5;12;2018-09-27 08:03:53.265088
2158913;4.5;12;2018-09-26 21:17:25.073404
3074332;4.5;54;2018-09-27 08:03:53.265088
3074332;4.5;54;2018-09-26 21:17:25.073404
3088369;5;4;2018-09-27 08:03:53.265088
3088369;5;4;2018-09-26 21:17:25.073404
23348731;4.5;13;2018-09-27 08:03:53.265088
23348731;4.5;13;2018-09-26 21:17:25.073404
19282953;4;17;2018-09-27 08:03:53.265088
19282953;4;17;2018-09-26 21:17:25.073404
1290999;5;33;2018-09-27 08:03:53.265088
1290999;5;33;2018-09-26 21:17:25.073404
26612229;4;9;2018-09-27 08:03:53.265088
26612229;4;9;2018-09-26 21:17:25.073404
24168591;5;9;2018-09-27 08:03:53.265088
24168591;5;9;2018-09-26 21:17:25.073404
26006849;5;4;2018-09-27 08:03:53.265088
26006849;5;4;2018-09-26 21:17:25.073404
13111723;5;9;2018-09-27 08:03:53.265088
13111723;5;9;2018-09-26 21:17:25.073404
9605195;5;7;2018-09-27 08:03:53.265088
9605195;5;7;2018-09-26 21:17:25.073404
5282786;5;9;2018-09-27 08:03:53.265088
5282786;5;9;2018-09-26 21:17:25.073404
167998;4.5;101;2018-09-27 08:03:53.265088
167998;4.5;101;2018-09-26 21:17:25.073404
3127963;4.5;51;2018-09-27 08:03:53.265088
3127963;4.5;51;2018-09-26 21:17:25.073404
9558677;5;5;2018-09-27 08:03:53.265088
9558677;5;5;2018-09-26 21:17:25.073404
1957441;4.5;35;2018-09-27 08:03:53.265088
1957441;4.5;35;2018-09-26 21:17:25.073404
18484044;4.5;27;2018-09-27 08:03:53.265088
18484044;4.5;27;2018-09-26 21:17:25.073404
19756683;4.5;11;2018-09-27 08:03:53.265088
19756683;4.5;11;2018-09-26 21:17:25.073404
19796857;5;8;2018-09-27 08:03:53.265088
19796857;5;8;2018-09-26 21:17:25.073404
26271706;5;10;2018-09-27 08:03:53.265088
26271706;5;10;2018-09-26 21:17:25.073404
18870266;5;29;2018-09-27 08:03:53.265088
18870266;5;29;2018-09-26 21:17:25.073404
26760757;5;3;2018-09-27 08:03:53.265088
26760757;5;3;2018-09-26 21:17:25.073404
15983788;4.5;8;2018-09-27 08:03:53.265088
15983788;4.5;8;2018-09-26 21:17:25.073404
422409;5;34;2018-09-27 08:03:53.265088
422409;5;34;2018-09-26 21:17:25.073404
16128371;5;26;2018-09-27 08:03:53.265088
16128371;5;26;2018-09-26 21:17:25.073404
6519685;4.5;92;2018-09-27 08:03:53.265088
6519685;4.5;92;2018-09-26 21:17:25.073404
28296506;4;3;2018-09-27 08:03:53.265088
3698347;4.5;14;2018-09-27 08:03:53.265088
3698347;4.5;14;2018-09-26 21:17:25.073404
2163046;4.5;112;2018-09-27 08:03:53.265088
2163046;4.5;112;2018-09-26 21:17:25.073404
3559352;4;14;2018-09-27 08:03:53.265088
3559352;4;14;2018-09-26 21:17:25.073404
5108396;5;58;2018-09-27 08:03:53.265088
5108396;5;58;2018-09-26 21:17:25.073404
15631578;4.5;11;2018-09-27 08:03:53.265088
15631578;4.5;11;2018-09-26 21:17:25.073404
2501795;5;28;2018-09-27 08:03:53.265088
2501795;5;28;2018-09-26 21:17:25.073404
1430881;5;9;2018-09-27 08:03:53.265088
1430881;5;9;2018-09-26 21:17:25.073404
18937483;5;43;2018-09-27 08:03:53.265088
18937483;5;43;2018-09-26 21:17:25.073404
24425449;5;26;2018-09-27 08:03:53.265088
24425449;5;26;2018-09-26 21:17:25.073404
14922653;5;86;2018-09-27 08:03:53.265088
14922653;5;86;2018-09-26 21:17:25.073404
23385994;4.5;13;2018-09-27 08:03:53.265088
23385994;4.5;13;2018-09-26 21:17:25.073404
985898;4.5;117;2018-09-27 08:03:53.265088
985898;4.5;117;2018-09-26 21:17:25.073404
13267787;4.5;42;2018-09-27 08:03:53.265088
13267787;4.5;42;2018-09-26 21:17:25.073404
26495903;4;8;2018-09-27 08:03:53.265088
26495903;4;8;2018-09-26 21:17:25.073404
22218164;5;5;2018-09-27 08:03:53.265088
22218164;5;5;2018-09-26 21:17:25.073404
17653251;4.5;58;2018-09-27 08:03:53.265088
17653251;4.5;58;2018-09-26 21:17:25.073404
9131204;5;18;2018-09-27 08:03:53.265088
9131204;5;18;2018-09-26 21:17:25.073404
18644634;4.5;55;2018-09-27 08:03:53.265088
18644634;4.5;55;2018-09-26 21:17:25.073404
22837880;5;14;2018-09-27 08:03:53.265088
22837880;5;14;2018-09-26 21:17:25.073404
12219331;5;42;2018-09-27 08:03:53.265088
12219331;5;42;2018-09-26 21:29:54.776083
12219331;5;41;2018-09-26 21:17:25.073404
16923142;4.5;28;2018-09-27 08:03:53.265088
16923142;4.5;28;2018-09-26 21:17:25.073404
26556607;4.5;14;2018-09-27 08:03:53.265088
26556607;4.5;14;2018-09-26 21:17:25.073404
4004660;5;122;2018-09-27 08:03:53.265088
4004660;5;122;2018-09-26 21:17:25.073404
21465389;5;37;2018-09-27 08:03:53.265088
21465389;5;37;2018-09-26 21:17:25.073404
15256134;4.5;11;2018-09-27 08:03:53.265088
15256134;4.5;11;2018-09-26 21:17:25.073404
24442756;5;10;2018-09-27 08:03:53.265088
24442756;5;10;2018-09-26 21:17:25.073404
862705;5;23;2018-09-27 08:03:53.265088
862705;5;23;2018-09-26 21:17:25.073404
3995543;4.5;14;2018-09-27 08:03:53.265088
3995543;4.5;14;2018-09-26 21:17:25.073404
17299589;5;18;2018-09-27 08:03:53.265088
17299589;5;18;2018-09-26 21:17:25.073404
12541479;5;169;2018-09-27 08:03:53.265088
12541479;5;169;2018-09-26 21:17:25.073404
12241478;4.5;17;2018-09-27 08:03:53.265088
12241478;4.5;17;2018-09-26 21:17:25.073404
15162820;4.5;12;2018-09-27 08:03:53.265088
15162820;4.5;12;2018-09-26 21:17:25.073404
1285661;5;21;2018-09-27 08:03:53.265088
1285661;5;21;2018-09-26 21:17:25.073404
1644892;5;31;2018-09-27 08:03:53.265088
1644892;5;31;2018-09-26 21:17:25.073404
23559630;3.5;6;2018-09-27 08:03:53.265088
23559630;3.5;6;2018-09-26 21:17:25.073404
2511095;5;4;2018-09-27 08:03:53.265088
2511095;5;4;2018-09-26 21:17:25.073404
27154343;5;3;2018-09-27 08:03:53.265088
27154343;5;3;2018-09-26 21:17:25.073404
14208656;5;15;2018-09-27 08:03:53.265088
14208656;5;15;2018-09-26 21:17:25.073404
2498301;5;51;2018-09-27 08:03:53.265088
2498301;5;51;2018-09-26 21:17:25.073404
6210284;5;48;2018-09-27 08:03:53.265088
6210284;5;48;2018-09-26 21:17:25.073404
27468965;5;6;2018-09-27 08:03:53.265088
27468965;5;6;2018-09-26 21:17:25.073404
5452049;5;166;2018-09-27 08:03:53.265088
5452049;5;165;2018-09-26 21:17:25.073404
26702811;5;10;2018-09-27 08:03:53.265088
26702811;5;10;2018-09-26 21:17:25.073404
6069917;5;14;2018-09-27 08:03:53.265088
6069917;5;14;2018-09-26 21:17:25.073404
26223533;4.5;4;2018-09-27 08:03:53.265088
26223533;4.5;4;2018-09-26 21:17:25.073404
6278981;5;83;2018-09-27 08:03:53.265088
6278981;5;83;2018-09-26 21:17:25.073404
3356459;5;18;2018-09-27 08:03:53.265088
3356459;5;18;2018-09-26 21:17:25.073404
4798006;5;49;2018-09-27 08:03:53.265088
4798006;5;49;2018-09-26 21:17:25.073404
22716121;4.5;4;2018-09-27 08:03:53.265088
22716121;4.5;4;2018-09-26 21:17:25.073404
4421071;4.5;27;2018-09-27 08:03:53.265088
4421071;4.5;27;2018-09-26 21:17:25.073404
14788864;5;26;2018-09-27 08:03:53.265088
14788864;5;26;2018-09-26 21:17:25.073404
5985960;5;16;2018-09-27 08:03:53.265088
5985960;5;16;2018-09-26 21:17:25.073404
6929719;4.5;184;2018-09-27 08:03:53.265088
6929719;4.5;184;2018-09-26 21:17:25.073404
1126419;4.5;32;2018-09-27 08:03:53.265088
1126419;4.5;32;2018-09-26 21:17:25.073404
17633726;5;4;2018-09-27 08:03:53.265088
17633726;5;4;2018-09-26 21:17:25.073404
12642998;4.5;110;2018-09-27 08:03:53.265088
12642998;4.5;110;2018-09-26 21:17:25.073404
10010861;5;4;2018-09-27 08:03:53.265088
10010861;5;4;2018-09-26 21:17:25.073404
4065107;4.5;27;2018-09-27 08:03:53.265088
4065107;4.5;27;2018-09-26 21:17:25.073404
14941473;4.5;28;2018-09-27 08:03:53.265088
14941473;4.5;28;2018-09-26 21:17:25.073404
1277299;4.5;11;2018-09-27 08:03:53.265088
1277299;4.5;11;2018-09-26 21:17:25.073404
2751876;5;4;2018-09-27 08:03:53.265088
2751876;5;4;2018-09-26 21:17:25.073404
17956827;4.5;81;2018-09-26 21:17:25.073404
28179069;5;4;2018-09-27 08:03:53.265088
28179069;5;4;2018-09-26 21:17:25.073404
14929010;5;8;2018-09-27 08:03:53.265088
14929010;5;8;2018-09-26 21:17:25.073404
15268282;4.5;43;2018-09-27 08:03:53.265088
15268282;4.5;43;2018-09-26 21:17:25.073404
865472;4;11;2018-09-27 08:03:53.265088
865472;4;11;2018-09-26 21:17:25.073404
21868898;5;65;2018-09-27 08:03:53.265088
21868898;5;64;2018-09-26 21:17:25.073404
830268;5;97;2018-09-27 08:03:53.265088
830268;5;97;2018-09-26 21:17:25.073404
7877690;5;11;2018-09-27 08:03:53.265088
7877690;5;11;2018-09-26 21:17:25.073404
344390;5;137;2018-09-27 08:03:53.265088
344390;5;137;2018-09-26 21:17:25.073404
18687715;4.5;12;2018-09-27 08:03:53.265088
18687715;4.5;12;2018-09-26 21:17:25.073404
23856855;5;4;2018-09-27 08:03:53.265088
23856855;5;4;2018-09-26 21:17:25.073404
287932;5;86;2018-09-27 08:03:53.265088
287932;5;86;2018-09-26 21:17:25.073404
27975463;5;3;2018-09-27 08:03:53.265088
27975463;5;3;2018-09-26 21:17:25.073404
20808718;5;32;2018-09-27 08:03:53.265088
20808718;5;32;2018-09-26 21:17:25.073404
334292;4.5;5;2018-09-27 08:03:53.265088
334292;4.5;5;2018-09-26 21:17:25.073404
12651904;5;38;2018-09-27 08:03:53.265088
12651904;5;38;2018-09-26 21:17:25.073404
5705203;5;27;2018-09-27 08:03:53.265088
5705203;5;27;2018-09-26 21:17:25.073404
15603494;4.5;7;2018-09-27 08:03:53.265088
15603494;4.5;7;2018-09-26 21:17:25.073404
21132669;5;11;2018-09-27 08:03:53.265088
21132669;5;11;2018-09-26 21:17:25.073404
782786;4.5;44;2018-09-27 08:03:53.265088
782786;4.5;44;2018-09-26 21:17:25.073404
19456001;4;18;2018-09-27 08:03:53.265088
19456001;4;18;2018-09-26 21:17:25.073404
23517478;5;3;2018-09-27 08:03:53.265088
23517478;5;3;2018-09-26 21:17:25.073404
23212675;5;3;2018-09-27 08:03:53.265088
23212675;5;3;2018-09-26 21:17:25.073404
13168981;4.5;89;2018-09-27 08:03:53.265088
13168981;4.5;89;2018-09-26 21:17:25.073404
19224902;5;28;2018-09-27 08:03:53.265088
19224902;5;28;2018-09-26 21:17:25.073404
25996329;4.5;7;2018-09-27 08:03:53.265088
25996329;4.5;7;2018-09-26 21:17:25.073404
10762837;5;47;2018-09-27 08:03:53.265088
10762837;5;47;2018-09-26 21:17:25.073404
9468773;5;21;2018-09-27 08:03:53.265088
9468773;5;21;2018-09-26 21:17:25.073404
6010678;4.5;32;2018-09-27 08:03:53.265088
6010678;4.5;32;2018-09-26 21:17:25.073404
287037;4.5;59;2018-09-27 08:03:53.265088
287037;4.5;59;2018-09-26 21:17:25.073404
10833783;5;3;2018-09-27 08:03:53.265088
10833783;5;3;2018-09-26 21:17:25.073404
24721585;5;6;2018-09-27 08:03:53.265088
24721585;5;6;2018-09-26 21:17:25.073404
26163973;5;7;2018-09-27 08:03:53.265088
26163973;5;7;2018-09-26 21:17:25.073404
24747993;3.5;18;2018-09-27 08:03:53.265088
24747993;3.5;18;2018-09-26 21:17:25.073404
1803915;5;24;2018-09-27 08:03:53.265088
1803915;5;24;2018-09-26 21:17:25.073404
4369546;5;18;2018-09-27 08:03:53.265088
4369546;5;18;2018-09-26 21:17:25.073404
8639623;5;60;2018-09-27 08:03:53.265088
8639623;5;60;2018-09-26 21:17:25.073404
3191423;5;10;2018-09-27 08:03:53.265088
3191423;5;10;2018-09-26 21:17:25.073404
19997781;5;27;2018-09-27 08:03:53.265088
19997781;5;27;2018-09-26 21:17:25.073404
14298796;4.5;40;2018-09-27 08:03:53.265088
14298796;4.5;40;2018-09-26 21:17:25.073404
8243908;4.5;28;2018-09-27 08:03:53.265088
8243908;4.5;28;2018-09-26 21:17:25.073404
11084923;5;131;2018-09-27 08:03:53.265088
11084923;5;131;2018-09-26 21:17:25.073404
17325246;5;29;2018-09-27 08:03:53.265088
17325246;5;29;2018-09-26 21:17:25.073404
5981388;5;18;2018-09-27 08:03:53.265088
5981388;5;18;2018-09-26 21:17:25.073404
16370598;4.5;55;2018-09-27 08:03:53.265088
16370598;4.5;55;2018-09-26 21:17:25.073404
19776151;4;28;2018-09-27 08:03:53.265088
19776151;4;28;2018-09-26 21:17:25.073404
2467750;5;21;2018-09-27 08:03:53.265088
2467750;5;21;2018-09-26 21:17:25.073404
114543;5;25;2018-09-27 08:03:53.265088
114543;5;25;2018-09-26 21:17:25.073404
6292406;4.5;24;2018-09-27 08:03:53.265088
6292406;4.5;24;2018-09-26 21:17:25.073404
25119860;5;5;2018-09-27 08:03:53.265088
25119860;5;5;2018-09-26 21:17:25.073404
24767194;4.5;3;2018-09-27 08:03:53.265088
24767194;4.5;3;2018-09-26 21:17:25.073404
1765734;4.5;119;2018-09-27 08:03:53.265088
1765734;4.5;119;2018-09-26 21:17:25.073404
16241256;5;29;2018-09-27 08:03:53.265088
16241256;5;29;2018-09-26 21:17:25.073404
7935169;4.5;107;2018-09-27 08:03:53.265088
7935169;4.5;107;2018-09-26 21:17:25.073404
21195416;4.5;25;2018-09-27 08:03:53.265088
21195416;4.5;25;2018-09-26 21:17:25.073404
17313350;4.5;27;2018-09-27 08:03:53.265088
17313350;4.5;27;2018-09-26 21:17:25.073404
5711804;4.5;39;2018-09-27 08:03:53.265088
5711804;4.5;39;2018-09-26 21:17:25.073404
10160529;4.5;139;2018-09-27 08:03:53.265088
10160529;4.5;139;2018-09-26 21:17:25.073404
17477668;5;15;2018-09-27 08:03:53.265088
17477668;5;15;2018-09-26 21:17:25.073404
19748977;3.5;6;2018-09-27 08:03:53.265088
19748977;3.5;6;2018-09-26 21:17:25.073404
14498129;5;24;2018-09-27 08:03:53.265088
14498129;5;24;2018-09-26 21:17:25.073404
15574312;4.5;18;2018-09-27 08:03:53.265088
15574312;4.5;18;2018-09-26 21:17:25.073404
761399;4;125;2018-09-27 08:03:53.265088
761399;4;125;2018-09-26 21:17:25.073404
17151408;4.5;87;2018-09-27 08:03:53.265088
17151408;4.5;87;2018-09-26 21:17:25.073404
20245075;4.5;42;2018-09-27 08:03:53.265088
20245075;4.5;42;2018-09-26 21:17:25.073404
15548864;5;35;2018-09-27 08:03:53.265088
15548864;5;35;2018-09-26 21:17:25.073404
1726821;5;62;2018-09-27 08:03:53.265088
1726821;5;62;2018-09-26 21:17:25.073404
22957756;5;10;2018-09-27 08:03:53.265088
22957756;5;10;2018-09-26 21:17:25.073404
3736614;4.5;15;2018-09-27 08:03:53.265088
3736614;4.5;15;2018-09-26 21:17:25.073404
406852;5;79;2018-09-27 08:03:53.265088
406852;5;79;2018-09-26 21:17:25.073404
56093;4.5;9;2018-09-27 08:03:53.265088
56093;4.5;9;2018-09-26 21:17:25.073404
23779073;5;16;2018-09-27 08:03:53.265088
23779073;5;16;2018-09-26 21:17:25.073404
2351015;4.5;166;2018-09-27 08:03:53.265088
2351015;4.5;166;2018-09-26 21:17:25.073404
12727412;4;19;2018-09-27 08:03:53.265088
12727412;4;19;2018-09-26 21:17:25.073404
18969773;5;35;2018-09-27 08:03:53.265088
18969773;5;35;2018-09-26 21:17:25.073404
22022302;4.5;8;2018-09-27 08:03:53.265088
22022302;4.5;8;2018-09-26 21:17:25.073404
21964296;5;5;2018-09-27 08:03:53.265088
21964296;5;5;2018-09-26 21:17:25.073404
17432320;5;9;2018-09-27 08:03:53.265088
17432320;5;9;2018-09-26 21:17:25.073404
6827808;5;55;2018-09-27 08:03:53.265088
6827808;5;55;2018-09-26 21:17:25.073404
26766239;5;16;2018-09-27 08:03:53.265088
26766239;5;16;2018-09-26 21:17:25.073404
1677091;5;32;2018-09-26 21:17:25.073404
24867509;4.5;16;2018-09-27 08:03:53.265088
24867509;4.5;16;2018-09-26 21:17:25.073404
26151927;4.5;10;2018-09-27 08:03:53.265088
26151927;4.5;10;2018-09-26 21:17:25.073404
16682383;4.5;103;2018-09-27 08:03:53.265088
16682383;4.5;103;2018-09-26 21:17:25.073404
11957644;4.5;38;2018-09-27 08:03:53.265088
11957644;4.5;38;2018-09-26 21:17:25.073404
2961404;4.5;137;2018-09-27 08:03:53.265088
2961404;4.5;137;2018-09-26 21:17:25.073404
22585493;4.5;13;2018-09-27 08:03:53.265088
22585493;4.5;13;2018-09-26 21:17:25.073404
24299842;4.5;29;2018-09-27 08:03:53.265088
24299842;4.5;29;2018-09-26 21:17:25.073404
3118226;4.5;11;2018-09-27 08:03:53.265088
3118226;4.5;11;2018-09-26 21:17:25.073404
14287488;4.5;7;2018-09-27 08:03:53.265088
14287488;4.5;7;2018-09-26 21:17:25.073404
1363473;5;4;2018-09-27 08:03:53.265088
1363473;5;4;2018-09-26 21:17:25.073404
8266475;5;49;2018-09-27 08:03:53.265088
8266475;5;48;2018-09-26 21:17:25.073404
2167122;4.5;259;2018-09-27 08:03:53.265088
2167122;4.5;259;2018-09-26 21:17:25.073404
26320790;5;5;2018-09-27 08:03:53.265088
26320790;5;5;2018-09-26 21:17:25.073404
16021853;4;83;2018-09-27 08:03:53.265088
16021853;4;83;2018-09-26 21:17:25.073404
19403332;4;21;2018-09-26 21:17:25.073404
2851021;5;15;2018-09-27 08:03:53.265088
2851021;5;15;2018-09-26 21:17:25.073404
1008724;5;26;2018-09-27 08:03:53.265088
1008724;5;26;2018-09-26 21:17:25.073404
18209114;5;29;2018-09-27 08:03:53.265088
18209114;5;29;2018-09-26 21:17:25.073404
9645696;5;3;2018-09-27 08:03:53.265088
9645696;5;3;2018-09-26 21:17:25.073404
7341208;4;5;2018-09-27 08:03:53.265088
7341208;4;5;2018-09-26 21:17:25.073404
15012661;5;8;2018-09-27 08:03:53.265088
15012661;5;8;2018-09-26 21:17:25.073404
12118573;4.5;7;2018-09-27 08:03:53.265088
12118573;4.5;7;2018-09-26 21:17:25.073404
1732026;5;37;2018-09-27 08:03:53.265088
1732026;5;37;2018-09-26 21:17:25.073404
25120614;4;7;2018-09-27 08:03:53.265088
25120614;4;7;2018-09-26 21:17:25.073404
21235720;5;33;2018-09-27 08:03:53.265088
21235720;5;33;2018-09-26 21:17:25.073404
15902750;5;49;2018-09-27 08:03:53.265088
15902750;5;49;2018-09-26 21:17:25.073404
5234917;5;13;2018-09-27 08:03:53.265088
5234917;5;13;2018-09-26 21:17:25.073404
18885121;3.5;4;2018-09-27 08:03:53.265088
18885121;3.5;4;2018-09-26 21:17:25.073404
16685084;4.5;83;2018-09-27 08:03:53.265088
16685084;4.5;83;2018-09-26 21:17:25.073404
25053601;4.5;16;2018-09-27 08:03:53.265088
25053601;4.5;16;2018-09-26 21:17:25.073404
23886501;5;16;2018-09-27 08:03:53.265088
23886501;5;16;2018-09-26 21:17:25.073404
17963336;5;5;2018-09-27 08:03:53.265088
17963336;5;5;2018-09-26 21:17:25.073404
470446;4.5;312;2018-09-27 08:03:53.265088
470446;4.5;312;2018-09-26 21:17:25.073404
27578260;4.5;3;2018-09-27 08:03:53.265088
27578260;4.5;3;2018-09-26 21:17:25.073404
611897;4.5;57;2018-09-27 08:03:53.265088
611897;4.5;57;2018-09-26 21:17:25.073404
14386985;5;69;2018-09-26 21:17:25.073404
4882717;4;262;2018-09-27 08:03:53.265088
4882717;4;262;2018-09-26 21:17:25.073404
23545434;5;5;2018-09-27 08:03:53.265088
23545434;5;5;2018-09-26 21:17:25.073404
4770900;4.5;10;2018-09-27 08:03:53.265088
4770900;4.5;10;2018-09-26 21:17:25.073404
11568981;4;88;2018-09-27 08:03:53.265088
11568981;4;88;2018-09-26 21:17:25.073404
2750782;4.5;14;2018-09-27 08:03:53.265088
2750782;4.5;14;2018-09-26 21:17:25.073404
57207;4;214;2018-09-27 08:03:53.265088
57207;4;214;2018-09-26 21:17:25.073404
12816341;4.5;11;2018-09-27 08:03:53.265088
12816341;4.5;11;2018-09-26 21:17:25.073404
1410564;4.5;10;2018-09-27 08:03:53.265088
1410564;4.5;10;2018-09-26 21:17:25.073404
3128994;5;8;2018-09-27 08:03:53.265088
3128994;5;8;2018-09-26 21:17:25.073404
10948582;5;160;2018-09-27 08:03:53.265088
10948582;5;160;2018-09-26 21:17:25.073404
17222435;5;3;2018-09-27 08:03:53.265088
17222435;5;3;2018-09-26 21:17:25.073404
18028285;5;3;2018-09-27 08:03:53.265088
18028285;5;3;2018-09-26 21:17:25.073404
16049460;4.5;8;2018-09-27 08:03:53.265088
16049460;4.5;8;2018-09-26 21:17:25.073404
994435;5;3;2018-09-27 08:03:53.265088
994435;5;3;2018-09-26 21:17:25.073404
26623310;4.5;5;2018-09-27 08:03:53.265088
26623310;4.5;5;2018-09-26 21:17:25.073404
17832115;5;10;2018-09-27 08:03:53.265088
17832115;5;10;2018-09-26 21:17:25.073404
19224034;4.5;4;2018-09-27 08:03:53.265088
19224034;4.5;4;2018-09-26 21:17:25.073404
3288701;5;12;2018-09-27 08:03:53.265088
3288701;5;12;2018-09-26 21:17:25.073404
22510263;5;7;2018-09-27 08:03:53.265088
22510263;5;7;2018-09-26 21:17:25.073404
4472429;4.5;139;2018-09-27 08:03:53.265088
4472429;4.5;139;2018-09-26 21:17:25.073404
17287264;5;32;2018-09-27 08:03:53.265088
17287264;5;32;2018-09-26 21:17:25.073404
1031007;4.5;7;2018-09-27 08:03:53.265088
1031007;4.5;7;2018-09-26 21:17:25.073404
19854019;4;31;2018-09-27 08:03:53.265088
19854019;4;31;2018-09-26 21:17:25.073404
17455853;4.5;18;2018-09-27 08:03:53.265088
17455853;4.5;18;2018-09-26 21:17:25.073404
1243020;5;31;2018-09-27 08:03:53.265088
1243020;5;31;2018-09-26 21:17:25.073404
17006209;4;38;2018-09-27 08:03:53.265088
17006209;4;38;2018-09-26 21:17:25.073404
745338;4.5;155;2018-09-27 08:03:53.265088
745338;4.5;155;2018-09-26 21:17:25.073404
1274994;4.5;55;2018-09-27 08:03:53.265088
1274994;4.5;55;2018-09-26 21:17:25.073404
17414272;5;18;2018-09-27 08:03:53.265088
17414272;5;18;2018-09-26 21:17:25.073404
18431311;3.5;4;2018-09-27 08:03:53.265088
18431311;3.5;4;2018-09-26 21:17:25.073404
22593735;5;14;2018-09-27 08:03:53.265088
22593735;5;14;2018-09-26 21:17:25.073404
16112784;4.5;16;2018-09-27 08:03:53.265088
16112784;4.5;16;2018-09-26 21:17:25.073404
21003981;5;17;2018-09-27 08:03:53.265088
21003981;5;17;2018-09-26 21:17:25.073404
2612592;5;22;2018-09-27 08:03:53.265088
2612592;5;22;2018-09-26 21:17:25.073404
2840718;5;54;2018-09-27 08:03:53.265088
2840718;5;54;2018-09-26 21:17:25.073404
19689918;4;44;2018-09-27 08:03:53.265088
19689918;4;44;2018-09-26 21:17:25.073404
19225449;5;4;2018-09-27 08:03:53.265088
19225449;5;4;2018-09-26 21:17:25.073404
19978121;5;4;2018-09-27 08:03:53.265088
19978121;5;4;2018-09-26 21:17:25.073404
3202336;5;8;2018-09-27 08:03:53.265088
3202336;5;8;2018-09-26 21:17:25.073404
18485360;5;16;2018-09-27 08:03:53.265088
18485360;5;16;2018-09-26 21:17:25.073404
27122024;4.5;12;2018-09-27 08:03:53.265088
27122024;4.5;11;2018-09-26 21:17:25.073404
20048292;4;13;2018-09-27 08:03:53.265088
20048292;4;13;2018-09-26 21:17:25.073404
18679416;3.5;3;2018-09-27 08:03:53.265088
18679416;3.5;3;2018-09-26 21:17:25.073404
27721111;3.5;3;2018-09-27 08:03:53.265088
27721111;3.5;3;2018-09-26 21:17:25.073404
14602664;4;160;2018-09-27 08:03:53.265088
14602664;4;160;2018-09-26 21:17:25.073404
2961618;4.5;10;2018-09-27 08:03:53.265088
2961618;4.5;10;2018-09-26 21:17:25.073404
7892333;5;16;2018-09-27 08:03:53.265088
7892333;5;16;2018-09-26 21:17:25.073404
7976700;5;8;2018-09-27 08:03:53.265088
7976700;5;8;2018-09-26 21:17:25.073404
11768716;5;7;2018-09-27 08:03:53.265088
11768716;5;7;2018-09-26 21:17:25.073404
18779924;4.5;19;2018-09-27 08:03:53.265088
18779924;4.5;19;2018-09-26 21:17:25.073404
18691419;4.5;19;2018-09-27 08:03:53.265088
18691419;4.5;19;2018-09-26 21:17:25.073404
15495194;4.5;66;2018-09-27 08:03:53.265088
15495194;4.5;66;2018-09-26 21:17:25.073404
14178982;5;8;2018-09-27 08:03:53.265088
14178982;5;8;2018-09-26 21:17:25.073404
10798782;4.5;13;2018-09-27 08:03:53.265088
10798782;4.5;13;2018-09-26 21:17:25.073404
17938025;4.5;84;2018-09-27 08:03:53.265088
17938025;4.5;84;2018-09-26 21:17:25.073404
6521400;4;86;2018-09-27 08:03:53.265088
6521400;4;86;2018-09-26 21:17:25.073404
4406315;4.5;100;2018-09-27 08:03:53.265088
4406315;4.5;100;2018-09-26 21:17:25.073404
2013516;4.5;47;2018-09-27 08:03:53.265088
2013516;4.5;47;2018-09-26 21:17:25.073404
15504591;4.5;5;2018-09-27 08:03:53.265088
15504591;4.5;5;2018-09-26 21:17:25.073404
2581464;4.5;18;2018-09-27 08:03:53.265088
2581464;4.5;18;2018-09-26 21:17:25.073404
1117899;5;96;2018-09-27 08:03:53.265088
1117899;5;96;2018-09-26 21:17:25.073404
1327106;4.5;41;2018-09-27 08:03:53.265088
1327106;4.5;41;2018-09-26 21:17:25.073404
18743165;4.5;25;2018-09-27 08:03:53.265088
18743165;4.5;25;2018-09-26 21:17:25.073404
8711738;5;18;2018-09-27 08:03:53.265088
8711738;5;18;2018-09-26 21:17:25.073404
23838301;5;27;2018-09-27 08:03:53.265088
23838301;5;27;2018-09-26 21:17:25.073404
20605635;5;18;2018-09-27 08:03:53.265088
20605635;5;18;2018-09-26 21:17:25.073404
24595821;5;15;2018-09-27 08:03:53.265088
24595821;5;15;2018-09-26 21:17:25.073404
2576959;4.5;109;2018-09-27 08:03:53.265088
2576959;4.5;109;2018-09-26 21:17:25.073404
1126705;4;6;2018-09-27 08:03:53.265088
1126705;4;6;2018-09-26 21:17:25.073404
7187730;5;13;2018-09-27 08:03:53.265088
7187730;5;13;2018-09-26 21:17:25.073404
20721912;4.5;16;2018-09-27 08:03:53.265088
20721912;4.5;16;2018-09-26 21:17:25.073404
13274675;4.5;15;2018-09-27 08:03:53.265088
13274675;4.5;15;2018-09-26 21:17:25.073404
1265134;5;62;2018-09-27 08:03:53.265088
1265134;5;62;2018-09-26 21:17:25.073404
222707;5;34;2018-09-27 08:03:53.265088
222707;5;34;2018-09-26 21:17:25.073404
16445821;5;48;2018-09-27 08:03:53.265088
16445821;5;48;2018-09-26 21:17:25.073404
1351671;5;17;2018-09-27 08:03:53.265088
1351671;5;17;2018-09-26 21:17:25.073404
11405806;5;15;2018-09-27 08:03:53.265088
11405806;5;15;2018-09-26 21:17:25.073404
20867794;5;12;2018-09-27 08:03:53.265088
20867794;5;12;2018-09-26 21:17:25.073404
26073789;4.5;5;2018-09-27 08:03:53.265088
26073789;4.5;5;2018-09-26 21:17:25.073404
18064959;5;35;2018-09-27 08:03:53.265088
18064959;5;35;2018-09-26 21:17:25.073404
23799139;4;18;2018-09-27 08:03:53.265088
23799139;4;18;2018-09-26 21:17:25.073404
23642858;5;8;2018-09-27 08:03:53.265088
23642858;5;8;2018-09-26 21:17:25.073404
12002855;5;24;2018-09-27 08:03:53.265088
12002855;5;24;2018-09-26 21:17:25.073404
24769898;4;15;2018-09-27 08:03:53.265088
24769898;4;14;2018-09-26 21:17:25.073404
16334459;4;103;2018-09-27 08:03:53.265088
16334459;4;103;2018-09-26 21:17:25.073404
4062828;4.5;3;2018-09-27 08:03:53.265088
4062828;4.5;3;2018-09-26 21:17:25.073404
3470032;4.5;19;2018-09-27 08:03:53.265088
3470032;4.5;19;2018-09-26 21:17:25.073404
26333152;5;6;2018-09-27 08:03:53.265088
26333152;5;6;2018-09-26 21:17:25.073404
11960966;5;4;2018-09-27 08:03:53.265088
11960966;5;4;2018-09-26 21:17:25.073404
8647159;5;8;2018-09-27 08:03:53.265088
8647159;5;8;2018-09-26 21:17:25.073404
1235441;5;3;2018-09-27 08:03:53.265088
1235441;5;3;2018-09-26 21:17:25.073404
23233753;4.5;26;2018-09-27 08:03:53.265088
23233753;4.5;26;2018-09-26 21:17:25.073404
10201441;4;99;2018-09-27 08:03:53.265088
10201441;4;99;2018-09-26 21:17:25.073404
2874271;4.5;35;2018-09-27 08:03:53.265088
2874271;4.5;35;2018-09-26 21:17:25.073404
2364662;5;97;2018-09-27 08:03:53.265088
2364662;5;97;2018-09-26 21:17:25.073404
3562428;4;5;2018-09-27 08:03:53.265088
3562428;4;5;2018-09-26 21:17:25.073404
25476694;5;9;2018-09-27 08:03:53.265088
25476694;5;9;2018-09-26 21:17:25.073404
15982715;4.5;50;2018-09-27 08:03:53.265088
15982715;4.5;50;2018-09-26 21:17:25.073404
459950;5;12;2018-09-27 08:03:53.265088
459950;5;12;2018-09-26 21:17:25.073404
27720744;4.5;3;2018-09-27 08:03:53.265088
27720744;4.5;3;2018-09-26 21:17:25.073404
824785;4.5;30;2018-09-27 08:03:53.265088
824785;4.5;30;2018-09-26 21:17:25.073404
16600568;4.5;11;2018-09-27 08:03:53.265088
16600568;4.5;11;2018-09-26 21:17:25.073404
19741785;5;62;2018-09-27 08:03:53.265088
19741785;5;62;2018-09-26 21:17:25.073404
14769786;4.5;21;2018-09-27 08:03:53.265088
14769786;4.5;21;2018-09-26 21:17:25.073404
12976143;4;22;2018-09-27 08:03:53.265088
12976143;4;22;2018-09-26 21:17:25.073404
12396126;4.5;11;2018-09-27 08:03:53.265088
12396126;4.5;11;2018-09-26 21:17:25.073404
22008333;4.5;3;2018-09-27 08:03:53.265088
22008333;4.5;3;2018-09-26 21:17:25.073404
25645060;4.5;8;2018-09-27 08:03:53.265088
25645060;4.5;8;2018-09-26 21:17:25.073404
13797199;4.5;83;2018-09-27 08:03:53.265088
13797199;4.5;83;2018-09-26 21:17:25.073404
1311786;5;11;2018-09-27 08:03:53.265088
1311786;5;11;2018-09-26 21:17:25.073404
27359604;4.5;4;2018-09-27 08:03:53.265088
27359604;4.5;4;2018-09-26 21:17:25.073404
9723864;4.5;166;2018-09-27 08:03:53.265088
9723864;4.5;166;2018-09-26 21:17:25.073404
27923662;5;3;2018-09-27 08:03:53.265088
27923662;5;3;2018-09-26 21:17:25.073404
2162251;5;123;2018-09-27 08:03:53.265088
2162251;5;123;2018-09-26 21:17:25.073404
7432368;5;21;2018-09-27 08:03:53.265088
7432368;5;21;2018-09-26 21:17:25.073404
20929062;5;37;2018-09-27 08:03:53.265088
20929062;5;37;2018-09-26 21:17:25.073404
21640370;5;3;2018-09-27 08:03:53.265088
21640370;5;3;2018-09-26 21:17:25.073404
6150694;4.5;26;2018-09-27 08:03:53.265088
6150694;4.5;26;2018-09-26 21:17:25.073404
10916393;4.5;104;2018-09-27 08:03:53.265088
10916393;4.5;104;2018-09-26 21:17:25.073404
22810595;4;5;2018-09-27 08:03:53.265088
22810595;4;5;2018-09-26 21:17:25.073404
8101025;5;50;2018-09-27 08:03:53.265088
8101025;5;50;2018-09-26 21:17:25.073404
10508140;5;15;2018-09-27 08:03:53.265088
10508140;5;15;2018-09-26 21:17:25.073404
10475056;5;19;2018-09-27 08:03:53.265088
10475056;5;19;2018-09-26 21:17:25.073404
17553179;4;12;2018-09-27 08:03:53.265088
17553179;4;12;2018-09-26 21:17:25.073404
1140610;4.5;179;2018-09-27 08:03:53.265088
1140610;4.5;179;2018-09-26 21:17:25.073404
3729388;5;3;2018-09-27 08:03:53.265088
3729388;5;3;2018-09-26 21:17:25.073404
2647185;5;10;2018-09-27 08:03:53.265088
2647185;5;10;2018-09-26 21:17:25.073404
21435671;5;19;2018-09-27 08:03:53.265088
21435671;5;19;2018-09-26 21:17:25.073404
814262;3.5;27;2018-09-27 08:03:53.265088
814262;3.5;27;2018-09-26 21:17:25.073404
27260643;4.5;3;2018-09-27 08:03:53.265088
27260643;4.5;3;2018-09-26 21:17:25.073404
20228739;5;7;2018-09-27 08:03:53.265088
20228739;5;7;2018-09-26 21:17:25.073404
768731;4.5;4;2018-09-27 08:03:53.265088
768731;4.5;4;2018-09-26 21:17:25.073404
14949290;5;19;2018-09-27 08:03:53.265088
14949290;5;19;2018-09-26 21:17:25.073404
1896398;4.5;33;2018-09-27 08:03:53.265088
1896398;4.5;33;2018-09-26 21:17:25.073404
17278354;4.5;5;2018-09-27 08:03:53.265088
17278354;4.5;5;2018-09-26 21:17:25.073404
24369074;5;8;2018-09-27 08:03:53.265088
24369074;5;8;2018-09-26 21:17:25.073404
20011166;5;20;2018-09-27 08:03:53.265088
20011166;5;20;2018-09-26 21:17:25.073404
6622554;5;8;2018-09-27 08:03:53.265088
6622554;5;8;2018-09-26 21:17:25.073404
17138818;5;21;2018-09-27 08:03:53.265088
17138818;5;21;2018-09-26 21:17:25.073404
6803808;4.5;23;2018-09-27 08:03:53.265088
6803808;4.5;23;2018-09-26 21:17:25.073404
17941609;5;12;2018-09-27 08:03:53.265088
17941609;5;12;2018-09-26 21:17:25.073404
24959389;4.5;5;2018-09-27 08:03:53.265088
24959389;4.5;5;2018-09-26 21:17:25.073404
1128202;5;3;2018-09-27 08:03:53.265088
1128202;5;3;2018-09-26 21:17:25.073404
12961597;5;29;2018-09-27 08:03:53.265088
12961597;5;29;2018-09-26 21:17:25.073404
21209192;5;26;2018-09-27 08:03:53.265088
21209192;5;26;2018-09-26 21:17:25.073404
593465;5;10;2018-09-27 08:03:53.265088
593465;5;10;2018-09-26 21:17:25.073404
12575676;5;12;2018-09-27 08:03:53.265088
12575676;5;12;2018-09-26 21:17:25.073404
5541201;5;43;2018-09-27 08:03:53.265088
5541201;5;43;2018-09-26 21:17:25.073404
4103192;5;47;2018-09-27 08:03:53.265088
4103192;5;47;2018-09-26 21:17:25.073404
18889749;5;10;2018-09-27 08:03:53.265088
18889749;5;10;2018-09-26 21:17:25.073404
9675109;4.5;28;2018-09-27 08:03:53.265088
9675109;4.5;28;2018-09-26 21:17:25.073404
16613173;4.5;26;2018-09-27 08:03:53.265088
16613173;4.5;26;2018-09-26 21:17:25.073404
6533946;5;4;2018-09-27 08:03:53.265088
6533946;5;4;2018-09-26 21:17:25.073404
22808827;5;10;2018-09-27 08:03:53.265088
22808827;5;10;2018-09-26 21:17:25.073404
25792643;5;11;2018-09-27 08:03:53.265088
25792643;5;11;2018-09-26 21:17:25.073404
20010730;4;29;2018-09-27 08:03:53.265088
20010730;4;29;2018-09-26 21:17:25.073404
10110180;5;12;2018-09-27 08:03:53.265088
10110180;5;12;2018-09-26 21:17:25.073404
1222997;5;4;2018-09-27 08:03:53.265088
1222997;5;4;2018-09-26 21:17:25.073404
21427199;5;8;2018-09-27 08:03:53.265088
21427199;5;8;2018-09-26 21:17:25.073404
20888095;2.5;4;2018-09-27 08:03:53.265088
20888095;2.5;4;2018-09-26 21:17:25.073404
17861418;4.5;51;2018-09-27 08:03:53.265088
17861418;4.5;51;2018-09-26 21:17:25.073404
1543524;4;16;2018-09-27 08:03:53.265088
1543524;4;16;2018-09-26 21:17:25.073404
932668;5;115;2018-09-27 08:03:53.265088
932668;5;115;2018-09-26 21:17:25.073404
12171893;4.5;4;2018-09-27 08:03:53.265088
12171893;4.5;4;2018-09-26 21:17:25.073404
2891649;5;3;2018-09-27 08:03:53.265088
2891649;5;3;2018-09-26 21:17:25.073404
1967791;4.5;65;2018-09-27 08:03:53.265088
1967791;4.5;65;2018-09-26 21:17:25.073404
13134593;5;53;2018-09-27 08:03:53.265088
13134593;5;53;2018-09-26 21:17:25.073404
14196180;5;15;2018-09-27 08:03:53.265088
14196180;5;15;2018-09-26 21:17:25.073404
14584402;5;5;2018-09-27 08:03:53.265088
14584402;5;5;2018-09-26 21:17:25.073404
4432916;5;252;2018-09-27 08:03:53.265088
4432916;5;252;2018-09-26 21:17:25.073404
12477131;4.5;97;2018-09-27 08:03:53.265088
12477131;4.5;97;2018-09-26 21:17:25.073404
24530503;5;3;2018-09-27 08:03:53.265088
24530503;5;3;2018-09-26 21:17:25.073404
20951925;5;27;2018-09-27 08:03:53.265088
20951925;5;27;2018-09-26 21:17:25.073404
7354358;4.5;30;2018-09-27 08:03:53.265088
7354358;4.5;30;2018-09-26 21:17:25.073404
11769445;5;29;2018-09-27 08:03:53.265088
11769445;5;29;2018-09-26 21:17:25.073404
14819713;5;10;2018-09-27 08:03:53.265088
14819713;5;10;2018-09-26 21:17:25.073404
8974367;5;6;2018-09-27 08:03:53.265088
8974367;5;6;2018-09-26 21:17:25.073404
1398893;4.5;18;2018-09-27 08:03:53.265088
1398893;4.5;18;2018-09-26 21:17:25.073404
22199515;4.5;4;2018-09-26 21:17:25.073404
20436805;5;9;2018-09-27 08:03:53.265088
20436805;5;9;2018-09-26 21:17:25.073404
8525469;5;6;2018-09-27 08:03:53.265088
8525469;5;6;2018-09-26 21:17:25.073404
907739;5;81;2018-09-27 08:03:53.265088
907739;5;81;2018-09-26 21:17:25.073404
20598162;4.5;3;2018-09-27 08:03:53.265088
20598162;4.5;3;2018-09-26 21:17:25.073404
1318834;4.5;27;2018-09-27 08:03:53.265088
1318834;4.5;27;2018-09-26 21:17:25.073404
21828796;5;88;2018-09-27 08:03:53.265088
21828796;5;88;2018-09-26 21:17:25.073404
1413841;5;27;2018-09-27 08:03:53.265088
1413841;5;27;2018-09-26 21:17:25.073404
14486177;5;66;2018-09-27 08:03:53.265088
14486177;5;66;2018-09-26 21:17:25.073404
1055073;4.5;4;2018-09-27 08:03:53.265088
1055073;4.5;4;2018-09-26 21:17:25.073404
10401897;5;5;2018-09-27 08:03:53.265088
10401897;5;5;2018-09-26 21:17:25.073404
24982252;4.5;8;2018-09-27 08:03:53.265088
24982252;4.5;7;2018-09-26 21:17:25.073404
863566;4;311;2018-09-27 08:03:53.265088
863566;4;311;2018-09-26 21:17:25.073404
23013909;5;14;2018-09-27 08:03:53.265088
23013909;5;14;2018-09-26 21:17:25.073404
5010129;5;12;2018-09-27 08:03:53.265088
5010129;5;12;2018-09-26 21:17:25.073404
404530;4.5;44;2018-09-27 08:03:53.265088
404530;4.5;44;2018-09-26 21:17:25.073404
26970833;4.5;3;2018-09-27 08:03:53.265088
26970833;4.5;3;2018-09-26 21:17:25.073404
25730155;5;7;2018-09-27 08:03:53.265088
25730155;5;7;2018-09-26 21:17:25.073404
869842;5;94;2018-09-27 08:03:53.265088
869842;5;94;2018-09-26 21:17:25.073404
17742713;5;33;2018-09-27 08:03:53.265088
17742713;5;33;2018-09-26 21:17:25.073404
1670308;4.5;61;2018-09-27 08:03:53.265088
1670308;4.5;61;2018-09-26 21:17:25.073404
2157481;4.5;65;2018-09-27 08:03:53.265088
2157481;4.5;65;2018-09-26 21:17:25.073404
21526288;5;47;2018-09-27 08:03:53.265088
21526288;5;47;2018-09-26 21:17:25.073404
5238522;5;68;2018-09-27 08:03:53.265088
5238522;5;68;2018-09-26 21:17:25.073404
13618029;5;65;2018-09-27 08:03:53.265088
13618029;5;65;2018-09-26 21:17:25.073404
9933650;5;57;2018-09-27 08:03:53.265088
9933650;5;57;2018-09-26 21:17:25.073404
22153896;4.5;9;2018-09-27 08:03:53.265088
22153896;4.5;9;2018-09-26 21:17:25.073404
501192;3.5;5;2018-09-27 08:03:53.265088
501192;3.5;5;2018-09-26 21:17:25.073404
12214909;5;19;2018-09-27 08:03:53.265088
12214909;5;19;2018-09-26 21:17:25.073404
5662637;4;26;2018-09-27 08:03:53.265088
5662637;4;26;2018-09-26 21:17:25.073404
14330975;5;4;2018-09-27 08:03:53.265088
14330975;5;4;2018-09-26 21:17:25.073404
